+,!,*,&,ASTSize,ASTDepth,SUM_LIB,SUM_NODE,AVE_LIB,lev,power,area,delay
11,2928,2911,14,8801,30,90680,5864,15.5008547008547,9,87.52,98.21,95.95
4,1575,1933,5,5460,26,56805,3517,16.174544419134396,11,64.33,89.58,156.04
11,406,412,12,1277,25,13004,841,15.68636911942099,6,54.7,58.32,52.09
1,15944,12676,7,41313,45,422394,28628,14.758184549806087,12,93.48,90.98,122.82
2,632,502,10,1661,21,16784,1146,14.774647887323944,8,75.33,78.15,66.89
6,357,358,7,1100,18,11245,728,15.596393897364772,7,41.1,49.22,68.15
3,7294,8243,17,23821,32,247070,15557,15.898970398970398,12,290.8,261.27,223.31
0,22849,20914,14,64706,37,665749,43777,15.212599684665127,16,305.88,333.59,231.64
4,106,106,13,353,16,3390,229,15.694444444444445,4,68.08,41.52,46.77
0,3379,3001,4,9390,49,96433,6384,15.114890282131661,10,107.09,103.11,88.08
2,7486,6120,1,19733,32,202066,13609,14.849059376837154,11,79.9,110.34,110.04
6,342,316,5,997,23,10186,669,15.340361445783133,9,88.79,96.11,80.59
1,1418,1150,0,3721,30,38088,2569,14.82600233553912,10,70.64,90.28,111.02
0,50,60,1,173,21,1770,111,16.09090909090909,4,17.83,10.26,35.3
5,87,87,6,284,15,2827,185,15.793296089385475,5,48.21,38.02,51.14
2,5950,4732,1,15421,37,157706,10685,14.760950954698615,10,103.89,123.17,113.96
9,104,121,11,387,16,3832,245,16.376068376068375,6,74.37,64.39,60.9
0,44,49,1,145,24,1474,94,15.849462365591398,4,10.35,10.73,24.88
3,514,408,4,1345,22,13680,929,14.78918918918919,6,46.67,53.19,46.97
3,4837,4437,9,13736,31,141225,9286,15.223132478171824,8,73.67,79.55,105.37
2,4128,3422,1,10979,32,112488,7553,14.895127118644067,12,90.72,110.81,130.38
2,262,239,2,749,20,7668,505,15.244532803180915,7,50.53,48.76,53.28
11,207,183,18,632,25,6175,419,15.399002493765586,5,84.26,72.55,53.61
12,10712,10640,20,32057,39,330800,21384,15.483991761842352,9,67.03,74.88,123.69
1,59734,69870,0,199477,40,2074772,129605,16.008425600864165,10,62.93,38.72,80.25
12,2096,1792,15,5735,27,58600,3915,15.025641025641026,9,98.24,144.17,132.54
5,175,219,11,646,19,6523,410,16.348370927318296,5,45.34,53.65,46.89
2,329,343,14,1048,21,10559,688,15.666172106824925,6,152.75,101.94,66.88
13,152,125,22,473,27,4456,312,15.36551724137931,3,65.3,78.85,32.55
5,121,113,8,374,15,3705,247,15.502092050209205,4,50.86,42.69,42.81
3,13441,11956,14,37388,39,384079,25414,15.121220472440944,13,170.38,209.49,144.56
3,12730,12138,2,37017,42,381684,24873,15.346548188653452,13,138.76,171.46,179.67
2,2194,2095,4,6397,25,65888,4295,15.354928920997436,8,34.86,43.39,71.65
7,233,242,14,760,21,7603,496,15.773858921161827,7,65.67,85.85,74.44
3,845,1116,7,3098,23,32235,1971,16.412932790224033,8,70.03,92.15,105.52
7,21,15,17,100,19,701,60,16.302325581395348,2,30.56,30.09,17.24
1,31106,30833,6,92787,44,958306,61946,15.471520826606394,13,101.82,135.07,140.14
4,1004,1081,5,3185,24,32922,2094,15.759693633317378,7,35.89,39.66,67.2
7,77,68,16,260,20,2371,168,15.598684210526315,3,44.92,33.36,31.83
3,9846,10962,15,31807,37,329856,20826,15.850079284993512,12,207.48,236.78,171.15
1,211,225,0,664,19,6875,437,15.732265446224256,9,65.69,59.72,74.26
16,985,879,28,2832,31,28619,1908,15.222872340425532,8,108.6,111.74,92.3
6,119,125,7,396,16,3977,257,15.908,5,68.96,46.89,43.78
5,764,819,8,2429,24,25024,1596,15.758186397984886,7,69.98,67.88,84.26
8,4215,4102,18,12472,40,128387,8343,15.421861861861862,9,109.33,141.13,136.99
1,569,641,2,1858,24,19249,1213,15.895127993393888,8,62.23,68.35,68.19
8,45,42,7,160,12,1537,102,16.178947368421053,5,47.51,33.36,28.45
2,190,184,1,565,17,5810,377,15.452127659574469,4,22.9,13.76,22.97
2,56,66,1,195,21,2008,125,16.193548387096776,5,34.39,13.76,36.62
13,307,289,22,956,28,9459,631,15.532019704433498,5,84.42,93.08,72.87
6,1784,1685,14,5195,24,53282,3489,15.33294964028777,11,98.49,95.41,134.96
6,130,116,7,389,16,3878,259,15.38888888888889,7,58.86,55.52,58.29
3,13795,13178,11,40180,33,414149,26987,15.352498517200475,13,126.22,160.5,146.74
2,5913,5887,3,17698,30,182783,11805,15.487459752584307,10,58.38,47.36,95.11
5,1775,1595,7,4990,24,51195,3382,15.168888888888889,8,93.5,100.78,98.33
7,273,336,7,974,19,10031,623,16.28409090909091,7,78.64,84.68,60.93
10,871,839,20,2610,31,26557,1740,15.440116279069768,6,80.63,92.15,69.28
1,563,662,12,1914,24,19657,1238,16.033442088091356,9,180.11,142.77,111.61
4,4356,3748,3,11867,28,121764,8111,15.017760236803158,7,54.94,43.62,80.51
11,57,35,18,186,20,1569,121,15.233009708737864,5,46.02,43.62,51.02
1,45794,41886,0,129569,43,1333664,87681,15.21041046520911,15,129.55,151.4,214.93
5,2163,2051,6,6288,21,64719,4225,15.339890969424035,9,67.87,80.25,116.69
1,1743,1559,4,4872,45,50011,3307,15.141083863154709,9,106.0,115.94,96.08
7,434,345,9,1157,23,11678,795,14.857506361323155,9,71.63,67.42,92.92
9,59,47,16,204,19,1799,131,15.643478260869566,4,41.02,36.39,37.96
4,15,14,3,58,9,547,36,16.575757575757574,4,25.89,17.73,24.95
15,949,834,19,2686,30,27279,1817,15.171857619577308,7,111.38,142.3,91.17
11,15,7,18,88,20,575,51,17.424242424242426,1,25.42,27.99,20.25
7,3503,3123,8,9780,26,100415,6641,15.1387004372079,9,97.18,116.17,101.2
7,307,297,9,934,21,9479,620,15.513911620294598,9,69.29,66.25,86.07
3,127,122,3,384,15,3905,255,15.496031746031745,5,61.69,50.39,44.93
3,817,784,5,2402,20,24679,1609,15.385910224438902,9,60.6,82.35,100.87
6,2913,2448,5,7832,28,80229,5372,14.948574622694242,11,104.75,139.03,148.11
10,1405,1350,12,4150,23,42605,2777,15.408679927667269,9,69.8,107.31,110.47
6,3533,3931,6,11420,29,118435,7476,15.85475234270415,9,69.4,76.28,84.36
0,5310,5021,8,15369,39,158252,10339,15.318168618720357,12,162.15,134.6,154.17
7,1613,1503,18,4670,28,47765,3141,15.294588536663465,9,120.37,160.5,109.17
1,1922,2159,10,6263,37,64822,4092,15.879960803527682,10,354.74,285.53,171.12
0,326,404,1,1137,33,11822,731,16.194520547945206,8,68.08,62.05,61.99
3,2511,2432,12,7406,45,76181,4958,15.402547513141933,10,221.0,192.46,199.06
2,105,112,2,338,17,3461,221,15.80365296803653,6,24.32,26.83,41.0
5,2842,2833,4,8527,32,88034,5684,15.49894366197183,11,111.44,136.47,135.08
11,2916,2824,16,8619,29,88658,5767,15.416101547556947,10,118.81,154.66,125.73
4,4018,3674,5,11385,33,117094,7701,15.21491683991684,12,121.55,152.57,173.2
0,41930,53982,4,149903,48,1564974,95916,16.31676953874385,15,148.41,151.63,192.58
1,4550,4102,0,12757,38,131220,8653,15.164682768981857,11,117.26,157.0,114.98
8,160,172,22,565,28,5432,362,15.976470588235294,4,69.53,79.08,52.71
5,67,69,11,238,17,2251,152,15.964539007092199,4,48.14,42.92,32.27
1,171,169,7,526,15,5283,348,15.49266862170088,6,69.05,59.02,48.88
4,77,57,6,212,12,2051,144,14.86231884057971,4,37.52,23.33,36.74
0,9045,11269,8,31600,32,329323,20322,16.211627449049917,13,141.71,117.57,177.85
9,2988,3807,11,10643,27,110880,6815,16.296296296296298,10,79.92,129.7,111.52
7,506,460,14,1469,25,14856,987,15.268242548818089,7,69.91,73.02,73.36
5,496,486,4,1487,25,15286,991,15.487335359675786,8,63.64,73.95,76.83
9,536,528,13,1637,25,16674,1086,15.539608574091332,7,76.49,101.24,50.04
1,6278,7259,9,20817,41,216226,13547,15.971783128970305,10,73.45,95.88,90.39
5,3391,3392,6,10198,36,105273,6794,15.508691809074838,8,74.18,78.15,76.53
3,6015,5443,12,16932,40,173959,11473,15.178343949044587,11,137.27,124.57,151.84
3,141,116,4,388,16,3899,264,14.996153846153845,7,55.97,54.82,60.55
10,2527,2671,19,7928,35,81765,5227,15.699884792626728,9,70.87,121.31,143.72
3,287,301,7,910,19,9283,598,15.707275803722505,6,61.86,55.52,75.89
13,990,995,18,3043,30,31138,2016,15.584584584584585,8,89.16,112.44,123.38
5,985,937,18,2906,30,29609,1945,15.365334717176959,7,92.96,104.28,89.13
3,1877,1872,3,5634,28,58155,3755,15.499733475479744,12,122.38,151.4,135.17
0,937,1005,5,2958,59,30543,1947,15.727600411946447,10,427.27,252.41,151.05
5,74,91,16,299,21,2798,186,16.458823529411763,4,66.23,47.82,36.13
7,315,297,6,936,18,9551,625,15.4297253634895,8,94.57,131.1,62.87
9,1448,1554,20,4615,34,47454,3031,15.760212553968781,8,110.26,153.96,118.94
6,4760,4584,9,13959,33,143844,9359,15.384385026737968,9,58.49,116.41,113.83
8,141,120,16,430,22,4117,285,15.304832713754648,5,71.98,59.49,52.25
6,1577,1714,9,5036,25,52057,3306,15.789202305125873,6,55.33,52.95,60.5
5,2583,2828,4,8258,26,85593,5420,15.803729689807977,12,121.57,142.3,138.97
11,27,12,22,118,23,793,72,15.86,1,28.97,27.53,20.25
2,1255,1355,17,4004,31,41157,2629,15.756891271056661,9,293.85,198.52,145.57
8,90,102,14,339,18,3262,214,16.31,5,57.3,53.89,48.22
3,6513,5904,2,18332,36,188583,12422,15.183816425120773,13,91.91,143.47,127.68
1,53,55,5,176,12,1713,114,15.715596330275229,5,58.91,39.19,40.94
10,1617,1808,17,5288,31,54589,3452,15.891994177583697,10,84.99,120.61,126.85
4,73,57,8,212,15,2015,142,15.037313432835822,5,46.43,36.16,45.26
15,56,45,24,225,27,1884,140,16.24137931034483,2,59.33,45.02,19.28
1,50174,57708,14,165621,43,1721168,107897,15.954024267030023,14,149.9,157.46,164.21
2,1597,1358,1,4320,25,44301,2958,14.981738248224552,10,111.77,83.05,72.43
3,274,228,3,743,16,7560,508,14.970297029702971,7,51.27,52.49,57.79
0,43,41,1,128,14,1289,85,15.345238095238095,4,23.33,6.77,44.74
4,471,429,9,1356,22,13781,913,15.244469026548673,7,74.96,68.12,72.38
4,1289,1422,16,4174,38,42989,2731,15.833885819521178,9,178.7,139.03,110.2
2,5570,5943,8,17477,30,180928,11523,15.71237516283109,11,179.18,206.92,111.79
3,1865,1554,2,4984,25,51051,3424,14.918468731735826,10,102.15,133.44,117.02
7,4636,4757,14,14193,38,146560,9414,15.591489361702127,7,66.15,58.09,93.35
13,311,347,17,1066,22,10771,688,16.0521609538003,7,114.25,124.8,60.71
1,129,124,4,388,21,3915,258,15.413385826771654,4,30.71,35.69,32.38
6,131,129,16,434,22,4173,282,15.68796992481203,5,66.31,51.32,44.74
5,6636,5593,6,17845,28,182900,12240,14.950138957005068,6,42.36,58.79,46.36
3,3826,3984,17,11835,34,122160,7830,15.635479329322923,10,130.96,134.37,128.89
8,2877,2642,16,8210,33,84225,5543,15.238827573728967,8,76.87,119.67,98.61
0,851,958,3,2774,25,28735,1812,15.884466556108347,9,83.22,69.75,74.29
2,583,638,5,1874,22,19335,1228,15.80948487326247,7,59.76,44.32,70.04
5,2773,2904,6,8604,28,88975,5688,15.659098908834917,12,129.94,142.07,143.75
7,821,913,10,2682,23,27657,1751,15.885697874784606,8,92.36,180.09,101.83
14,110,80,24,347,26,3114,228,15.264705882352942,6,75.5,75.12,43.59
2,1703,1679,16,5098,29,52317,3400,15.460106382978724,9,206.05,198.05,132.45
4,312,354,7,1043,18,10700,677,15.970149253731343,6,40.54,52.95,55.35
3,52188,50349,19,152931,47,1577448,102559,15.383733177296664,15,195.67,272.24,191.88
9,15,6,12,70,14,501,42,16.7,2,19.98,20.06,20.25
8,57,49,11,194,16,1799,125,15.780701754385966,4,42.76,35.46,32.43
12,293,266,13,876,21,8801,584,15.413309982486865,5,47.19,53.19,49.39
7,8581,8600,7,25810,32,266611,17195,15.511461484756808,12,108.22,147.9,133.6
12,35,18,23,142,25,1023,88,15.738461538461538,3,38.12,37.32,22.91
2,322,307,9,959,21,9704,640,15.378763866877971,7,55.55,45.72,59.16
2,1511,1759,4,5042,27,52349,3276,15.999083129584353,8,58.14,76.98,66.38
2,612,516,1,1651,23,16912,1131,14.966371681415929,9,94.97,126.44,92.35
6,2333,2544,6,7446,28,77121,4889,15.793774319066149,9,95.5,125.27,112.52
11,13564,15938,22,45507,47,472998,29535,16.02676786500864,10,84.03,158.4,129.68
9,60,74,18,263,20,2402,161,16.797202797202797,6,51.61,56.69,53.44
0,679,718,5,2126,50,21907,1402,15.681460272011453,7,76.58,80.95,82.1
0,4295,4166,8,12644,38,130307,8469,15.400898238978844,12,143.41,129.7,116.44
5,931,1205,11,3374,24,35019,2152,16.356375525455395,8,82.24,69.05,90.32
0,1092,1125,0,3343,35,34578,2217,15.596752368064953,6,23.98,24.49,40.73
0,26,36,3,105,12,1026,65,16.548387096774192,4,24.75,12.13,35.97
4,386,323,11,1063,21,10684,724,14.984572230014026,8,72.23,64.15,80.01
3,1329,1398,5,4142,22,42795,2735,15.675824175824175,9,74.04,102.88,123.45
4,495,601,23,1752,31,17781,1123,16.164545454545454,7,285.1,193.16,59.85
4,892,809,7,2533,21,25930,1712,15.208211143695015,7,43.05,79.32,76.45
6,2606,3027,8,8689,33,90204,5647,15.996453271856712,10,95.75,171.46,133.74
6,164,135,9,465,15,4602,314,15.088524590163935,7,84.83,56.92,55.1
3,193,196,5,602,19,6127,397,15.630102040816327,7,75.94,76.98,47.49
6,3393,3365,6,10148,32,104723,6770,15.482406859846245,12,118.34,140.2,131.9
2,604,609,2,1831,25,18886,1217,15.5440329218107,5,10.84,9.8,20.39
5,29587,27816,17,85264,41,878365,57425,15.30039367335563,15,227.67,265.01,203.32
0,601,586,4,1782,23,18301,1191,15.417860151642797,9,64.45,59.95,76.07
0,1111,980,0,3072,35,31559,2091,15.092778574844573,11,97.29,115.94,114.47
2,676,771,9,2241,24,23098,1458,15.94064872325742,8,87.37,73.48,97.29
3,140433,143998,3,428442,48,4431931,284437,15.581579557999396,15,131.41,253.34,192.15
5,993,946,5,2906,22,29879,1949,15.36985596707819,9,81.59,95.64,91.04
16,75,67,28,298,30,2565,186,16.234177215189874,4,80.59,70.22,27.13
3,1818,1482,2,4793,30,49044,3305,14.848319709355131,11,153.57,178.69,105.48
0,11398,11903,2,35209,78,364448,23303,15.640873782241105,6,32.98,27.99,36.83
0,2360,2044,4,6457,31,66208,4408,15.033605812897367,10,136.58,139.03,125.58
0,3625,3208,7,10056,28,103201,6840,15.103322113273817,9,71.77,61.59,82.34
5,138,135,8,435,19,4342,286,15.618705035971223,7,44.97,49.22,60.56
4,18,14,3,61,10,574,39,15.944444444444445,4,23.38,20.3,20.1
4,1469,1281,5,4050,24,41507,2759,15.071532316630355,6,35.44,32.43,44.88
6,137,152,9,472,17,4733,304,16.044067796610168,5,66.81,60.65,53.01
8,2473,2543,8,7592,28,78411,5032,15.607285031847134,10,115.34,132.04,111.82
3,254,223,12,731,20,7270,492,15.145833333333334,6,78.67,57.62,45.33
9,25,20,13,110,16,899,67,16.64814814814815,2,32.86,26.59,12.49
5,767,713,13,2230,24,22719,1498,15.298989898989898,8,131.03,113.61,87.83
8,231,248,10,764,20,7743,497,15.899383983572895,4,42.33,46.66,40.04
8,2213,2319,11,6890,28,71143,4551,15.670264317180617,12,103.16,132.97,127.07
7,1334,1147,24,3691,33,37422,2512,15.040996784565916,8,252.75,160.5,109.05
8,7492,7557,8,22639,32,233890,15065,15.53363883907817,12,161.28,209.72,149.88
3,311174,304630,2,920445,58,9502504,615809,15.43097756277535,18,158.0,222.78,247.77
8,681,768,16,2266,25,23233,1473,15.945778997940975,7,90.17,99.38,76.23
5,1104,1295,15,3735,25,38556,2419,16.03826955074875,9,46.07,61.35,84.52
4,69,64,6,218,12,2133,143,15.569343065693431,4,39.43,37.32,37.72
1,415,451,5,1330,29,13683,872,15.782006920415226,4,20.61,12.6,26.67
2,2152,2513,2,7187,25,74706,4669,16.007285193914722,9,48.33,69.05,66.06
9,22,10,16,93,18,652,57,15.902439024390244,2,25.19,24.49,12.48
3,16275,16023,22,48372,42,499059,32323,15.450264697687379,15,401.31,325.19,192.66
2,2405,2201,10,6832,36,70119,4618,15.216796875,10,144.85,125.74,125.5
1,3730,3430,0,10593,33,109056,7161,15.229157938835359,11,109.4,156.3,143.59
5,74,64,9,231,14,2204,152,15.412587412587413,4,32.12,30.56,32.02
1,40,35,1,115,11,1156,77,15.210526315789474,5,40.73,30.56,49.62
7,182,138,8,489,17,4856,335,14.850152905198776,5,31.42,41.29,28.69
4,199,198,13,630,20,6251,414,15.58852867830424,6,73.21,71.38,52.67
11,396,418,14,1283,23,13046,839,15.813333333333333,5,63.88,64.39,47.12
8,2202,2459,18,7173,32,74124,4687,15.875776397515528,9,74.78,67.42,131.82
4,1739,1727,13,5228,23,53749,3483,15.489625360230548,9,101.79,105.44,82.65
6,321,303,13,966,22,9711,643,15.414285714285715,5,72.71,77.22,63.53
6,1099,1390,6,3904,39,40627,2501,16.283366733466934,6,48.85,50.16,54.1
0,66912,72201,13,211341,42,2190630,139126,15.74712643678161,15,223.82,323.09,256.67
2,2398,2764,4,7939,29,82442,5168,15.964756003098373,9,64.12,62.75,94.32
1,45307,39868,5,125056,63,1284885,85181,15.085059171597633,13,125.41,170.53,165.46
12,1583,1490,19,4626,32,47339,3104,15.344894651539708,7,87.22,131.57,131.26
3,124,95,3,327,19,3284,225,14.792792792792794,7,44.8,45.96,58.9
6,45,40,14,166,17,1441,105,15.835164835164836,3,43.84,35.69,31.37
6,1411,1376,5,4186,28,43127,2798,15.441102756892231,11,94.25,134.6,107.92
1,2923,2902,14,8758,32,90177,5840,15.4783728115345,10,183.24,178.69,130.02
1,1203,1191,13,3614,34,37055,2408,15.471816283924843,9,273.94,178.23,140.37
2,1002,977,4,2969,23,30564,1985,15.428571428571429,6,36.98,28.23,55.09
7,407,319,7,1074,23,10863,740,14.819918144611187,7,83.56,86.78,71.77
2,543,703,7,1968,25,20405,1255,16.350160256410255,5,56.19,26.83,63.66
8,920,850,11,2659,24,27188,1789,15.291338582677165,8,77.63,102.88,151.98
10,21409,23686,10,68822,41,714033,45115,15.830462254738942,12,126.47,216.48,195.67
12,130,171,13,523,19,5244,326,16.75399361022364,5,59.11,50.62,51.34
11,399,352,14,1154,21,11621,776,15.250656167979002,8,118.91,100.31,84.75
3,1431,1303,3,4050,31,41623,2740,15.207526488856413,10,100.15,111.27,99.15
11,2617,3197,14,9062,29,94173,5839,16.167038626609443,12,118.48,128.3,166.24
2,194,214,6,639,18,6506,416,15.86829268292683,7,93.76,67.65,60.16
2,19,20,5,74,9,663,46,16.170731707317074,4,31.81,16.33,21.25
3,71253,68897,15,209084,43,2157089,140168,15.390958452548286,14,149.25,207.15,215.7
3,383,447,4,1292,20,13359,837,16.03721488595438,9,92.43,65.32,93.6
7,41,29,18,150,20,1189,95,15.441558441558442,3,51.01,29.86,24.09
8,47,34,17,166,20,1379,106,15.49438202247191,2,40.79,32.43,21.55
2,32408,32248,19,96947,43,1001180,64677,15.484240155897183,14,248.0,297.67,203.09
1,18819,16371,14,51592,41,529559,35205,15.04813730783439,12,168.88,192.22,159.71
0,18360,19917,8,58211,37,603414,38285,15.764401598871386,12,91.57,130.64,144.73
10,512,463,12,1483,20,15054,997,15.283248730964466,7,80.45,98.68,87.68
4,74,94,8,287,15,2838,180,16.5,7,43.72,42.69,66.12
17,173,147,23,548,27,5233,360,15.52818991097923,5,80.62,77.22,60.54
0,1724,1620,1,4967,27,51156,3345,15.297846889952153,11,92.16,100.78,89.91
8,7161,6303,8,19800,31,203323,13480,15.092265439429928,14,165.08,205.29,189.12
6,1827,1981,8,5818,27,60181,3822,15.778972207656004,11,97.08,97.28,114.19
10,641,546,20,1794,27,18041,1217,15.071846282372599,9,114.59,136.94,100.84
12,2944,2957,24,8931,43,91862,5937,15.535599526467106,7,61.86,79.32,82.9
4,15253,15489,3,46246,36,478139,30749,15.55125870031874,13,87.04,126.67,158.66
0,215,230,7,690,22,6995,452,15.719101123595506,6,61.29,49.92,46.08
2,157,147,3,462,18,4699,309,15.356209150326798,6,50.37,42.46,51.89
2,14696,15362,1,45427,38,470280,30061,15.644710578842316,14,102.1,133.44,177.94
5,266,257,10,811,19,8178,538,15.488636363636363,5,56.88,54.82,73.74
7,2717,2434,15,7630,31,78183,5173,15.157619232260567,10,93.51,139.27,134.75
4,688,720,13,2163,26,22136,1425,15.677053824362606,8,191.15,124.8,92.59
1,944,882,2,2715,29,27926,1829,15.285166940339353,4,9.88,7.93,23.14
4,234,225,8,709,22,7160,471,15.464362850971922,5,50.91,36.39,58.68
6,76,76,11,263,16,2512,169,15.89873417721519,4,47.17,41.29,32.94
8,143,113,13,412,20,3981,277,15.079545454545455,4,53.53,48.52,45.14
6,103,93,7,316,13,3129,209,15.490099009900991,5,48.3,33.36,34.92
8,7304,7047,10,21435,32,220978,14369,15.389511804443206,12,131.91,187.79,160.78
8,509,367,14,1288,25,12863,898,14.550904977375566,5,61.39,73.48,79.36
9,80,80,17,293,22,2714,186,16.059171597633135,4,80.0,71.38,43.74
4,32,30,4,109,11,1052,70,15.93939393939394,4,40.24,20.76,35.97
7,130,104,17,387,24,3640,258,15.103734439834025,3,48.21,64.39,26.77
5,472,512,10,1527,27,15642,999,15.8159757330637,6,38.73,35.23,61.81
8,4809,5179,9,15202,32,157427,10005,15.748999599839935,8,83.66,67.88,75.54
2,1095,1147,7,3408,23,35141,2251,15.659982174688057,8,39.21,79.32,80.58
9,9322,9270,15,27911,36,288072,18616,15.486909305951293,10,83.97,70.68,113.25
8,77,82,15,288,19,2705,182,16.197604790419163,4,49.39,44.79,35.99
1,22674,22414,0,67505,39,697200,45089,15.462751447137883,15,79.52,200.39,182.28
11,1457,1483,19,4484,33,46025,2970,15.596407997289054,9,164.31,202.02,139.24
0,9317,8232,1,25784,62,264957,17550,15.098125249301955,6,38.17,25.89,40.9
6,941,1040,14,3062,27,31505,2001,15.85556114745848,10,107.66,141.13,102.74
0,433,458,3,1356,20,13973,894,15.682379349046016,9,65.55,40.59,67.82
1,4218,3614,0,11449,34,117496,7833,15.000127665007021,14,106.99,133.9,169.98
4,6258,5602,8,17487,31,179670,11872,15.144133513149022,8,42.99,54.59,91.12
4,51594,52967,3,157543,39,1629724,104568,15.58575049012576,15,111.48,189.19,217.61
6,43,33,16,154,18,1269,98,15.475609756097562,4,37.47,30.33,26.45
0,4735,4463,8,13678,43,140801,9206,15.307784300934985,11,146.7,176.36,135.77
3,785,677,8,2162,22,22037,1473,15.042320819112629,8,69.1,66.02,79.96
0,276,287,2,855,45,8798,565,15.626998223801065,6,48.18,30.79,53.55
0,3354,3281,11,9939,43,102368,6646,15.428485305199699,11,240.16,215.32,125.1
7,112,96,8,335,14,3302,223,15.35813953488372,5,64.45,53.42,43.18
1,4119,4675,0,13472,31,139947,8795,15.9121091529278,7,44.22,43.16,51.32
6,78,73,6,249,15,2464,163,15.694267515923567,7,33.14,46.89,63.8
13,39,27,37,194,38,1283,116,16.240506329113924,2,57.19,51.79,17.77
5,512,418,4,1367,27,13934,939,14.902673796791444,7,79.08,84.45,69.11
0,90,81,7,267,14,2592,178,15.157894736842104,4,49.94,32.19,49.22
1,72,59,3,199,12,1972,135,14.93939393939394,5,58.31,41.52,32.32
8,2269,2359,18,7040,31,72527,4654,15.64430543572045,8,126.73,153.73,106.22
6,387,406,12,1236,25,12571,811,15.733416770963705,6,112.79,111.04,78.09
7,35229,32611,10,100486,43,1034685,67857,15.250268987574986,13,131.19,216.72,190.64
6,2901,2921,5,8766,31,90527,5833,15.533115991763898,8,63.4,87.71,73.79
6,12496,13105,18,38755,42,400930,25625,15.657046901237942,13,163.09,224.88,203.38
4,1637,1745,14,5164,25,53227,3400,15.719728292971057,8,141.57,148.13,129.56
6,1094,1001,15,3139,29,32024,2116,15.242265587815327,9,114.35,123.17,72.2
5,132,117,11,399,17,3892,265,15.32283464566929,5,55.49,47.59,53.93
11,134,122,18,437,23,4176,285,15.640449438202246,4,50.69,52.02,56.86
0,2400,2544,2,7493,37,77568,4946,15.689320388349515,12,145.42,145.1,122.35
5,785,734,5,2274,24,23343,1529,15.316929133858268,8,67.17,77.68,89.37
5,187,199,10,616,19,6191,401,15.83375959079284,6,68.51,77.92,59.78
0,637,785,2,2212,53,23003,1424,16.176511954992968,9,129.46,128.3,77.44
12,1708,1588,21,4951,36,50620,3329,15.30229746070133,8,117.91,144.4,122.89
0,24919,27866,3,80658,65,837323,52788,15.86289665624704,16,344.41,474.26,299.61
10,6886,6360,12,19651,31,202154,13268,15.25,10,92.7,112.67,134.7
3,363,344,2,1062,18,10913,712,15.370422535211267,7,61.87,48.06,54.43
1,320,308,3,945,20,9682,632,15.392686804451511,6,34.32,38.72,50.9
5,1900,1663,9,5255,25,53816,3577,15.082959641255606,7,66.68,69.75,89.42
3,318,283,13,917,21,9166,617,15.175496688741722,5,54.38,57.62,51.97
7,220,213,18,697,26,6848,458,15.563636363636364,5,55.8,62.52,61.84
0,434,378,7,1205,19,12222,819,15.051724137931034,7,87.99,81.18,64.47
4,4523,4405,25,13392,39,137721,8957,15.418831168831169,10,279.28,278.77,133.44
9,257,241,13,784,17,7849,520,15.481262327416173,8,91.38,99.61,77.26
3,376,360,10,1123,21,11382,749,15.40189445196211,7,86.57,75.12,60.94
9,863,792,8,2482,29,25425,1672,15.279447115384615,10,119.13,105.44,102.36
10,48,43,12,179,15,1638,113,16.217821782178216,4,67.17,38.72,30.8
5,1670,1597,21,4917,32,50294,3293,15.371026894865526,9,272.9,215.08,153.13
1,761,900,2,2568,26,26675,1664,16.049939831528278,7,32.76,44.32,55.83
0,13443,11966,6,37388,43,384239,25415,15.122161438860246,14,234.0,260.81,171.47
7,253,255,12,802,21,8069,527,15.667961165048544,6,67.13,70.22,82.42
9,5786,5516,9,16855,30,173660,11320,15.353196003890018,11,101.18,110.34,120.27
3,1024,974,2,2983,27,30722,2003,15.353323338330835,10,93.65,110.34,102.29
1,278,246,0,773,18,7940,525,15.123809523809523,9,49.52,94.48,77.7
8,54,40,14,179,18,1574,116,15.431372549019608,3,49.45,29.86,35.01
0,13391,12956,4,39312,36,405551,26351,15.392682278817322,12,118.17,163.3,140.09
6,13,8,11,64,13,449,38,16.62962962962963,2,20.24,19.36,15.88
3,761,817,10,2422,22,24901,1591,15.750158127767236,7,56.12,44.79,58.43
7,31,35,7,130,12,1231,80,16.863013698630137,3,36.44,26.13,30.53
6,647,680,24,2068,30,20939,1357,15.708177044261065,7,348.94,249.61,69.95
10,1658,1298,14,4303,23,43738,2980,14.74645987862441,8,95.26,144.87,97.89
3,2686,2304,2,7305,35,74940,4995,15.00901261766473,9,86.88,99.61,95.8
1,666,707,0,2083,24,21574,1374,15.701601164483261,10,73.11,87.71,94.1
8,92,74,17,291,22,2664,191,15.310344827586206,3,69.37,55.99,32.97
3,5321,5100,7,15542,31,160167,10431,15.365214888718342,12,90.54,129.7,141.68
1,3341,3486,8,10332,37,106787,6836,15.639572349150557,12,143.39,159.33,172.48
6,82,83,7,275,13,2720,178,15.90643274853801,6,51.68,56.22,39.12
1,21568,26682,7,74949,35,781142,48258,16.189135976456445,12,85.06,114.07,155.89
3,2598,2294,2,7197,33,73928,4897,15.102757916241062,12,138.37,139.03,122.65
4,1292,1143,3,3593,26,36878,2442,15.120131201312013,11,84.89,93.78,132.22
12,28,12,19,115,21,828,71,15.923076923076923,3,30.99,38.72,20.73
0,814,849,4,2521,46,26004,1667,15.636800962116657,7,105.14,76.52,90.87
6,998,934,14,2907,27,29686,1952,15.317853457172342,8,100.98,105.68,120.06
1,58122,62950,0,184025,41,1908024,121073,15.759285720185343,16,140.76,242.38,231.89
9,488,515,24,1585,33,15956,1036,15.766798418972332,5,98.12,111.51,63.96
10,602,544,15,1741,25,17646,1171,15.264705882352942,7,74.42,96.81,69.58
6,97,87,12,308,18,2943,202,15.489473684210527,4,37.42,46.42,34.44
0,3670,3969,3,11615,38,120348,7642,15.754418117554653,12,131.38,157.46,130.95
0,3427,3869,0,11166,32,115961,7296,15.893777412280702,12,90.31,104.51,131.03
6,72,66,8,233,13,2256,152,15.666666666666666,5,71.61,46.66,45.48
2,540,522,3,1595,23,16396,1067,15.409774436090226,9,113.14,106.84,99.93
8,79,75,10,266,15,2569,172,15.858024691358025,7,47.88,44.09,61.56
8,2685,2642,10,8006,26,82497,5345,15.463355201499532,12,124.14,176.13,151.8
1,115,130,7,392,14,3921,253,15.939024390243903,6,84.35,62.29,50.47
0,50,63,0,177,14,1836,113,16.24778761061947,6,36.9,17.26,42.56
5,59,47,12,188,15,1695,123,15.27027027027027,3,45.6,43.86,19.01
4,6520,6191,4,18919,39,194986,12719,15.335116004718836,9,84.03,105.44,120.26
4,464,448,6,1381,18,14136,922,15.43231441048035,7,54.2,51.32,59.52
5,2863,3008,12,8914,34,92073,5888,15.66933287950987,10,116.91,145.8,103.23
11,856,836,13,2577,22,26382,1716,15.491485613623018,8,85.62,118.27,88.86
8,695,617,13,1972,26,20037,1333,15.179545454545455,7,64.02,66.72,93.81
0,806,854,3,2521,24,26042,1663,15.687951807228915,9,75.85,59.72,91.39
4,77688,76503,15,230733,45,2382362,154210,15.45031940075878,14,134.5,176.83,206.8
5,3167,2872,14,8950,28,91817,6058,15.19142951687624,9,119.6,116.41,113.28
0,4311,4057,7,12440,38,128053,8375,15.302700764818356,12,248.07,223.72,140.08
6,1013,1060,6,3158,24,32593,2085,15.677248677248677,9,79.61,96.34,104.4
5,683,619,7,1946,21,19895,1314,15.221882172915073,8,106.26,100.31,93.86
4,622,659,4,1957,24,20200,1289,15.719844357976653,7,51.94,40.59,50.64
5,3803,4343,11,12522,30,129903,8162,15.937062937062937,10,98.32,152.57,104.35
5,40634,36382,9,113427,39,1166240,77030,15.141844432038015,16,130.45,188.72,169.57
1,516,622,13,1789,24,18354,1152,16.114135206321336,8,151.77,129.7,99.46
4,1246,1239,11,3755,25,38576,2500,15.498593812776216,8,63.55,49.92,73.51
0,59970,70903,13,201803,47,2099596,130886,16.04300352249891,12,126.94,196.66,154.71
2,9083,9641,16,28402,38,293901,18742,15.694809355975648,10,136.9,164.7,134.17
1,2907,2319,1,7550,28,77207,5228,14.770805433326956,12,92.34,124.34,118.56
9,2705,2740,12,8228,29,84859,5466,15.559039237257059,9,52.01,59.72,94.8
1,3690,3386,0,10465,30,107728,7077,15.22226932315953,11,79.67,108.94,124.87
3,1373,1209,5,3808,25,39033,2590,15.09980657640232,8,73.9,100.31,92.52
1,4083,3788,6,11674,33,120109,7878,15.257748983739837,11,91.16,124.57,115.93
0,19,23,1,68,10,677,43,16.11904761904762,4,26.97,16.56,33.81
8,97,87,10,308,14,2995,202,15.598958333333334,5,101.53,57.39,46.73
3,1172,1187,10,3573,25,36740,2372,15.554614733276884,7,47.12,73.72,50.87
3,21,20,4,76,9,707,48,16.068181818181817,4,32.14,19.6,29.86
1,313,248,2,816,21,8299,564,14.766903914590747,6,40.76,44.56,39.37
4,1562,1543,4,4665,28,48108,3113,15.473785783210035,12,106.59,126.9,99.4
1,87,79,1,250,17,2547,168,15.251497005988025,6,58.04,36.86,56.92
9,652,753,20,2217,30,22668,1434,16.031117397454032,7,109.87,102.41,75.42
1,2170,2106,10,6405,36,65888,4287,15.405190554126724,10,207.43,174.03,167.52
7,193,186,8,596,17,6011,394,15.572538860103627,6,68.74,59.49,51.83
4,1838,1961,12,5793,25,59788,3815,15.721272679463581,9,87.93,104.51,90.16
2,487,464,5,1430,20,14643,958,15.365162644281217,7,65.32,65.32,59.2
5,1032,1058,10,3179,24,32694,2105,15.605727923627684,10,88.87,96.34,112.32
4,1208,1130,6,3489,26,35836,2348,15.301451750640478,9,98.15,120.84,116.25
7,21,20,9,94,12,811,57,16.895833333333332,2,34.78,21.23,17.85
3,3638,3849,4,11351,25,117498,7494,15.687316421895861,7,39.59,44.79,65.55
8,263,272,15,854,24,8559,558,15.762430939226519,6,65.04,53.89,67.25
2,1510,1235,2,3989,25,40812,2749,14.856934838005097,10,59.1,71.62,121.72
6,1754,2070,6,5919,26,61482,3836,16.052741514360314,9,51.01,91.45,124.19
8,55,36,14,172,17,1495,113,15.1010101010101,3,38.89,28.46,20.04
5,3206,3089,10,9415,27,96942,6310,15.387619047619047,9,86.87,82.81,97.99
2,992,992,11,3003,26,30804,1997,15.510574018126889,8,92.89,101.24,97.16
6,105,104,11,348,17,3389,226,15.762790697674419,5,38.14,45.26,56.15
6,513,506,9,1556,21,15905,1034,15.517073170731708,9,117.85,77.45,104.44
0,6486,7244,7,20989,54,217742,13737,15.858849235251274,12,134.8,160.96,192.79
1,67,55,4,188,12,1839,127,14.951219512195122,5,43.9,37.79,29.61
2,450,378,1,1213,25,12418,831,14.96144578313253,8,45.93,39.19,47.53
19,44,23,34,197,36,1396,120,16.232558139534884,3,53.5,62.29,20.73
8,54,41,11,175,14,1596,114,15.495145631067961,4,51.7,36.62,23.37
2,35624,33846,1,103323,38,1065280,69473,15.333947489636113,15,138.49,249.84,232.19
4,1858,1985,14,5865,27,60496,3861,15.725500389914219,10,156.33,123.17,105.42
6,54,50,10,187,12,1742,120,15.836363636363636,5,38.25,41.29,42.69
9,2466,2426,11,7359,26,75800,4912,15.466231381350745,11,138.6,174.96,136.14
0,486,514,5,1525,34,15682,1005,15.682,8,181.81,132.97,60.63
5,4175,3259,7,10718,27,109403,7446,14.706681005511493,9,40.71,52.25,87.75
3,84,94,6,291,13,2902,187,16.03314917127072,6,49.1,41.52,55.07
1,395,392,1,1184,25,12205,789,15.488578680203046,9,60.41,76.05,74.21
7,821,663,7,2176,23,22157,1498,14.860496311200537,9,110.13,113.14,103.53
0,2613,2864,3,8348,45,86525,5480,15.797882052218368,12,149.99,150.93,145.3
9,845,987,16,2870,28,29553,1857,16.052688756110808,7,54.72,64.39,61.55
2,7380,7656,1,22699,34,234904,15039,15.620694241255485,13,154.78,226.51,174.81
5,54,51,18,203,21,1738,128,15.8,3,65.52,39.66,24.7
6,925,798,10,2554,22,26037,1739,15.058993637941006,8,75.26,78.15,88.63
11,3599,3769,18,11196,39,115595,7397,15.665401815964223,8,94.66,103.11,112.35
12,351,366,21,1150,32,11523,750,15.806584362139917,5,62.72,79.08,65.44
7,3885,3796,8,11508,31,118659,7696,15.434313215400625,11,136.27,199.69,129.94
0,341,281,1,906,18,9251,623,14.87299035369775,2,3.02,3.97,10.74
1,7226,8072,5,23383,40,242644,15304,15.860121576573633,13,128.47,180.79,170.7
7,36498,41992,18,120533,40,1252488,78515,15.955870925003504,11,64.32,118.74,103.18
6,666,604,19,1925,31,19438,1295,15.233542319749215,7,96.38,120.84,92.95
3,806,794,2,2405,27,24800,1605,15.470991890205864,9,108.91,116.17,100.21
1,28,30,0,91,15,938,59,15.898305084745763,7,35.96,24.49,50.68
14,3350,3429,23,10283,39,105952,6816,15.59723244516414,10,155.25,235.85,122.64
3,2085,1980,2,6056,31,62403,4070,15.339970501474927,11,124.88,138.8,113.8
4,45,48,3,156,15,1565,100,16.1340206185567,5,26.0,22.63,35.58
7,19,7,13,74,16,507,46,15.363636363636363,1,19.56,22.16,6.01
4,67,68,8,228,18,2203,147,15.848920863309353,6,43.95,35.46,30.41
6,299,294,8,916,21,9315,607,15.550918196994992,6,85.47,98.21,62.17
12,322,305,13,983,19,9920,652,15.524256651017215,7,74.07,84.45,74.01
2,1245,1185,4,3628,22,37327,2436,15.34827302631579,10,49.71,78.62,72.83
4,5113,4426,9,13992,30,143493,9552,15.036466519962277,13,95.77,172.86,161.72
2,666,665,8,2017,22,20676,1341,15.510877719429857,9,125.08,101.24,97.27
8,453,589,17,1682,27,17243,1067,16.421904761904763,6,65.1,58.09,50.91
1,2240,2122,5,6497,45,66870,4368,15.326610130644053,11,176.57,189.89,144.53
12,797,687,18,2232,29,22599,1514,15.106283422459892,7,80.75,110.34,87.18
0,601,669,4,1948,65,20127,1274,15.848031496062992,9,196.99,140.2,78.94
1,2634,2454,0,7545,28,77720,5089,15.272155629789742,12,145.3,185.69,129.53
12,2153,1747,13,5698,29,58123,3925,14.857617586912065,9,109.31,131.8,165.7
5,754,695,16,2187,24,22206,1470,15.272352132049518,7,102.36,94.01,98.28
4,501,408,7,1340,24,13589,920,14.883899233296823,8,90.53,82.11,92.76
11,1004,975,11,2999,22,30772,2001,15.463316582914572,9,135.36,178.23,95.21
2,9718,10120,12,29987,35,310154,19852,15.632762096774194,8,67.32,63.22,85.29
6,1064,1149,7,3389,25,35010,2226,15.777377196935557,9,87.64,87.71,77.74
9,1296,1047,10,3429,23,34932,2362,14.85204081632653,8,91.47,74.42,108.2
8,3065,3047,14,9204,30,94827,6134,15.494607843137254,9,82.22,90.75,145.8
2,9500,9994,1,29495,39,305420,19497,15.665777595404185,10,70.3,98.91,117.29
6,491,451,8,1422,27,14497,956,15.292194092827005,8,74.02,65.09,83.06
6,110,108,11,361,16,3522,235,15.723214285714286,5,62.84,54.59,37.81
10,18872,16758,12,52433,37,538784,35652,15.117396184062851,11,110.38,190.59,221.03
0,26922,31815,3,90559,67,942228,58740,16.04147300679299,14,76.53,72.78,133.17
9,934,808,23,2615,31,26416,1774,15.086236436322102,9,126.9,127.14,117.27
2,3832,4226,2,12293,32,127512,8062,15.820347394540942,9,66.05,81.88,123.27
5,61,64,11,222,15,2087,141,16.053846153846155,3,47.45,43.62,31.62
4,1956,1726,8,5433,25,55680,3694,15.105805751492133,8,79.15,67.18,56.07
2,5917,6566,1,19056,32,197757,12486,15.839567480977173,4,18.52,6.53,18.47
6,328,290,7,935,19,9488,631,15.205128205128204,7,109.66,110.11,64.0
6,2606,2921,7,8475,28,87872,5540,15.881438640881981,12,144.58,145.57,146.18
5,1937,1864,14,5704,29,58571,3820,15.389122438255386,9,85.41,108.01,102.13
8,2212,2373,14,7003,29,72322,4607,15.746135423470498,10,107.3,137.64,133.81
2,56,53,2,171,16,1722,113,15.513513513513514,7,58.61,37.32,44.53
3,621,568,10,1784,22,18163,1202,15.23741610738255,8,52.92,54.12,66.31
0,200,218,2,641,29,6596,420,15.779904306220097,6,50.09,37.56,37.6
6,924,930,12,2821,25,28932,1872,15.55483870967742,8,118.49,144.63,96.59
2,68,70,6,225,14,2204,146,15.742857142857142,3,22.28,21.7,16.87
9,33,18,14,116,17,927,74,15.45,3,30.89,31.96,23.31
8,75,59,10,230,15,2181,152,15.359154929577464,4,62.19,40.82,35.03
0,198,240,6,691,18,7062,444,16.123287671232877,5,30.36,35.93,44.72
6,1518,1473,6,4489,29,46224,3003,15.423423423423424,11,122.37,136.7,107.54
4,1176,1063,4,3319,28,34074,2247,15.191261703076238,10,95.29,114.77,127.25
3,410,381,4,1187,20,12150,798,15.302267002518892,6,59.52,59.72,60.93
0,23282,21754,3,66797,50,688126,45039,15.27946531663558,14,162.02,175.66,164.57
7,20,17,7,83,10,736,51,16.727272727272727,3,27.11,16.56,34.37
6,306,238,11,817,19,8146,561,14.81090909090909,6,57.04,61.12,54.45
11,70,60,21,255,25,2236,162,15.858156028368795,4,59.11,49.22,42.36
3,208,198,10,631,16,6306,419,15.418092909535453,7,81.03,72.55,72.72
5,773,797,20,2418,28,24621,1595,15.632380952380952,7,222.65,154.43,98.49
5,24139,23277,6,70716,37,729475,47427,15.382952700280466,16,208.83,304.66,238.81
6,920,968,5,2879,24,29732,1899,15.697993664202745,7,41.99,33.83,49.39
1,458,479,3,1425,33,14686,941,15.656716417910447,7,37.0,34.99,40.8
2,13034,14138,10,41335,36,428394,27184,15.764848752483992,8,34.03,48.06,61.86
4,150,134,5,437,16,4402,293,15.284722222222221,7,59.4,59.25,63.01
7,58,55,19,221,23,1914,139,15.95,3,61.22,40.12,33.3
4,5421,5158,6,15758,28,162369,10589,15.342435982235662,12,65.21,88.41,164.58
0,5852,5355,6,16575,38,170478,11213,15.211742660836977,12,102.32,145.8,118.23
0,102,108,6,331,15,3294,216,15.685714285714285,4,35.48,28.23,27.07
1,8227,7618,11,23488,37,241665,15857,15.250851950018932,12,274.41,203.42,186.57
0,2275,2504,2,7288,45,75563,4781,15.811466834065705,7,41.13,44.32,66.67
14,1079,1160,24,3476,34,35595,2277,15.798934753661785,8,85.4,114.07,91.15
11,1759,1697,12,5200,23,53451,3479,15.41707528122296,9,102.54,130.64,95.65
1,14471,12252,12,39002,33,399809,26736,14.960672055081575,13,155.92,187.32,258.7
5,8679,9539,6,27780,35,288099,18229,15.80963617406574,10,82.35,118.27,100.59
0,498,596,3,1697,52,17594,1097,16.082266910420476,8,78.92,57.62,80.13
2,149,161,9,494,16,4935,321,15.817307692307692,5,69.13,53.19,43.72
0,11239,10103,1,31448,103,323417,21343,15.154015556180301,12,111.38,114.54,174.01
4,2487,2491,5,7488,26,77289,4987,15.513649136892814,10,97.86,145.33,110.98
1,20385,21668,12,63748,34,660187,42066,15.69855423978694,9,69.46,68.35,144.81
1,5274,4984,2,15249,34,157140,10261,15.317282386197485,10,85.57,123.17,93.04
5,569,538,9,1674,21,17087,1121,15.366007194244604,7,66.07,50.16,52.37
4,1065,1086,13,3272,32,33581,2168,15.582830626450116,9,219.98,160.73,111.48
5,470,381,11,1265,22,12742,867,14.88551401869159,7,82.12,83.05,58.49
8,21368,19088,9,59579,36,612456,40473,15.135824436536181,10,127.72,123.41,91.89
1,26,28,3,91,12,876,58,15.927272727272728,4,33.81,25.43,32.89
5,51322,55134,4,161609,41,1674976,106465,15.733235644977974,14,92.3,152.33,144.52
6,116,122,9,391,15,3884,253,15.918032786885245,6,58.25,45.72,51.78
1,14838,16638,0,48117,36,499604,31477,15.872033548305112,14,101.16,141.37,194.13
5,608,529,5,1687,20,17240,1147,15.09632224168126,9,120.32,99.14,117.87
5,1323,1488,8,4326,23,44773,2824,15.899502840909092,9,85.34,101.71,115.64
1,10986,11150,0,33289,35,344200,22137,15.54862899218503,13,116.06,164.7,144.57
0,62,60,7,197,12,1878,129,15.39344262295082,4,47.26,31.03,37.26
6,57,45,6,172,12,1659,114,15.36111111111111,4,35.6,21.7,35.96
0,2354,1966,1,6289,31,64438,4321,14.916203703703705,7,32.32,31.49,58.87
5,256,254,9,793,19,8022,524,15.576699029126214,7,81.72,77.45,70.54
1,33486,33350,0,100189,47,1035100,66837,15.486930891572033,15,121.23,177.06,188.88
6,804,842,13,2527,25,25916,1665,15.687651331719128,7,94.89,106.14,94.31
2,27224,29577,22,86427,57,895762,56825,15.769624843758253,14,346.06,387.24,230.97
5,6514,7397,7,21333,35,221490,13923,15.916211555044553,7,45.21,50.86,70.04
1,183,167,1,522,18,5347,352,15.233618233618234,7,53.01,43.62,65.85
3,8519,7768,20,24102,36,247645,16310,15.202271332105587,12,233.02,205.29,148.31
2,491,471,1,1440,26,14833,965,15.386929460580912,9,102.14,83.51,87.58
1,66,65,2,203,13,2050,134,15.530303030303031,6,48.66,42.46,48.72
1,759,749,4,2268,19,23335,1513,15.46388336646786,7,43.42,42.69,70.51
3,18356,20442,16,59279,40,615006,38817,15.850261591196103,11,86.13,133.9,138.32
9,131,112,17,408,21,3877,269,15.384920634920634,4,60.02,62.05,27.08
4,254,223,6,721,16,7296,487,15.16839916839917,6,49.38,49.69,61.17
1,465,551,3,1576,22,16333,1020,16.059980334316617,8,80.13,76.98,73.85
3,65110,51046,5,167219,38,1709080,116164,14.713280933892337,15,118.59,185.22,202.71
6,2293,2229,5,6774,26,69831,4533,15.422040636042404,10,98.78,148.37,111.66
0,293,315,1,926,29,9567,609,15.735197368421053,5,31.61,22.39,44.48
11,246,267,11,825,17,8374,535,15.98091603053435,6,60.02,61.59,74.44
8,1033,944,16,2970,27,30273,2001,15.25088161209068,7,77.04,108.71,76.4
5,31,24,6,102,10,937,66,15.616666666666667,4,37.39,27.53,26.54
4,735,702,6,2160,21,22163,1447,15.38029146426093,7,64.64,72.32,87.69
8,307,304,10,952,17,9659,629,15.604200323101777,7,78.95,124.57,60.65
8,124,114,10,389,18,3832,256,15.577235772357724,5,68.25,55.05,65.96
5,694,665,12,2059,24,21006,1376,15.400293255131965,6,49.93,82.58,63.15
3,1042,916,5,2891,22,29608,1966,15.098419173890871,10,112.79,105.91,111.02
11,588,583,21,1819,29,18404,1203,15.570219966159053,7,126.37,126.44,94.63
1,50713,53987,8,158706,50,1644157,104709,15.703355268813096,15,151.85,263.61,193.81
7,227,246,14,762,21,7637,494,15.910416666666666,5,59.29,60.89,68.9
6,24489,24518,7,73552,38,759953,49020,15.50513129169812,15,111.68,123.41,140.26
12,5195,5812,15,16874,29,174931,11034,15.875397041473818,11,126.56,169.59,168.33
6,133,124,9,412,16,4081,272,15.517110266159696,5,63.22,47.36,55.12
8,1845,1755,19,5410,27,55423,3627,15.361141906873614,8,86.11,88.88,82.5
1,228,210,7,665,17,6698,446,15.257403189066059,5,35.54,26.36,51.04
1,355,317,8,1008,20,10195,681,15.148588410104011,7,73.29,70.45,61.53
3,1078,1131,11,3369,25,34662,2223,15.66998191681736,8,79.69,87.95,91.6
5,283,254,7,816,19,8265,549,15.249077490774908,8,77.98,70.45,71.45
2,8029,8476,1,24988,38,258785,16508,15.677288423093232,13,92.74,139.03,147.15
3,44079,50772,10,145650,39,1513773,94864,15.958979062559301,7,57.7,82.35,124.17
2,21136,22046,2,65237,38,675288,43186,15.637458317895517,7,37.1,38.02,57.68
1,1691,1772,6,5250,31,54229,3470,15.655023094688222,9,93.28,79.78,87.0
5,1217,1001,5,3240,29,33105,2228,14.89203778677463,8,78.66,120.61,102.73
5,23,21,14,104,16,799,63,16.306122448979593,2,34.89,27.06,13.68
1,96,99,3,303,15,3068,199,15.653061224489797,6,55.05,48.06,51.35
2,4996,5221,8,15459,32,159878,10227,15.645170760348371,10,84.48,100.54,112.45
0,40,53,4,155,13,1526,97,16.408602150537636,5,50.15,26.36,42.33
9,5097,5148,17,15446,38,159363,10271,15.54154476301931,13,131.18,205.52,148.62
5,491,521,15,1574,27,16011,1032,15.743362831858407,6,45.12,45.96,49.24
1,314,279,6,887,32,8990,600,15.134680134680135,8,116.76,84.21,72.65
6,7964,8223,6,24435,39,252738,16199,15.607855246093992,7,57.71,54.59,66.15
9,2486,2088,10,6701,25,68544,4593,14.956142264891993,10,83.32,99.38,103.21
3,3564,3810,2,11195,28,115974,7379,15.721024806832046,12,126.64,179.16,128.08
1,190,188,2,573,19,5872,381,15.493403693931398,7,51.58,43.86,60.82
2,905,767,9,2462,30,25071,1683,14.976702508960573,9,219.92,150.93,141.09
1,3016,2828,0,8675,29,89386,5845,15.29272882805817,12,98.12,128.77,94.65
0,1670,1772,3,5221,55,54014,3445,15.692620569436373,9,87.84,109.41,82.27
7,617,549,6,1742,21,17813,1179,15.185848252344416,8,96.32,111.04,82.36
4,261,236,10,762,18,7645,511,15.259481037924152,6,73.39,88.18,54.96
5,654,669,8,2019,21,20734,1336,15.612951807228916,9,82.03,82.11,98.95
0,34861,35958,3,106784,62,1104825,70822,15.600686256513082,8,71.99,63.45,69.76
1,25576,24655,7,74903,37,772620,50239,15.381032011466795,12,114.47,146.97,161.93
1,169,188,7,562,24,5683,365,15.874301675977653,5,39.94,38.26,36.78
2,2045,1914,1,5880,41,60565,3962,15.290330724564503,6,15.72,6.77,57.55
1,687,691,6,2084,25,21411,1385,15.526468455402465,8,126.68,87.71,89.22
0,1769,1646,0,5062,85,52133,3415,15.26588579795022,12,222.58,182.42,175.63
11,2011,2033,24,6148,37,63111,4079,15.563748458692972,8,72.41,85.85,115.06
8,9166,7396,15,24005,34,245414,16585,14.810742305371154,11,75.58,145.33,175.57
5,46,44,9,163,13,1512,104,15.91578947368421,4,32.76,35.46,42.88
2,3996,3508,1,11019,29,113192,7507,15.080202504662937,12,85.11,88.18,140.23
5,469,460,7,1414,19,14471,941,15.493576017130621,7,47.68,58.32,68.95
0,132,157,3,453,26,4642,292,16.06228373702422,5,37.3,17.73,36.32
8,170,155,15,527,20,5148,348,15.45945945945946,4,62.66,53.89,56.04
8,430,352,8,1167,20,11822,798,14.964556962025316,6,38.83,39.19,56.56
8,43,38,15,166,17,1431,104,16.078651685393258,5,41.01,41.06,38.39
0,127,124,0,376,21,3871,251,15.422310756972111,10,80.26,53.65,70.66
4,428,364,5,1175,19,11964,801,15.030150753768844,8,90.56,91.91,84.65
11,74,61,23,265,25,2294,169,15.712328767123287,4,100.97,60.89,34.94
5,3450,3358,9,10195,28,105056,6822,15.419932482019668,10,82.55,71.62,107.69
13,2087,2335,19,6822,30,70491,4454,15.89425028184893,8,86.51,90.05,102.61
3,1821,2004,7,5850,33,60555,3835,15.818965517241379,7,60.26,59.72,68.03
5,2495,2298,9,7120,25,73141,4807,15.244060025010421,8,65.55,80.71,78.77
6,1026,1086,17,3245,35,33282,2135,15.713881019830028,8,86.22,94.25,81.68
6,1433,1348,14,4170,32,42709,2801,15.324363114459993,9,85.86,115.47,98.28
2,104,91,2,295,16,2990,199,15.17766497461929,6,35.87,25.19,56.35
9,45306,40175,10,125695,47,1291838,85500,15.110983740788397,15,148.83,261.74,226.22
14,1103,1091,19,3352,30,34293,2227,15.53125,8,109.37,143.93,117.0
10,7459,7280,26,22092,51,227551,14775,15.428232422537121,9,102.21,137.87,131.98
3,26,32,6,109,10,1016,67,16.65573770491803,4,38.55,23.79,25.57
2,3996,4472,1,12947,31,134400,8471,15.867768595041323,10,76.24,85.61,108.99
1,14201,13295,6,40806,43,420325,27503,15.2862130414227,11,108.98,161.66,135.1
0,1761,1880,3,5528,38,57209,3644,15.712441636912937,6,44.24,17.5,43.83
10,134,101,17,391,22,3688,262,15.053061224489795,4,64.65,67.18,35.61
3,57,54,6,184,11,1779,120,15.605263157894736,4,35.39,28.46,36.74
5,4882,5113,6,15131,37,156554,10006,15.6554,11,106.9,154.2,171.62
4,1475,1355,9,4212,31,43189,2843,15.239590684544813,5,25.29,21.46,44.05
7,4178,3944,17,12115,33,124552,8146,15.321933817197687,9,91.12,160.03,123.56
13,696,713,17,2183,30,22288,1439,15.673699015471167,8,118.43,104.51,101.94
2,304,279,8,883,19,8926,593,15.258119658119659,7,97.77,98.21,74.5
13,560,483,19,1591,27,16004,1075,15.155303030303031,6,72.15,89.11,72.01
0,12930,13471,2,39877,71,412732,26403,15.633195712283626,10,71.19,83.05,102.75
0,2526,2847,1,8223,47,85368,5374,15.888330541596874,12,97.03,104.04,136.62
4,6081,6025,6,18152,30,187383,12116,15.473410404624277,13,147.3,174.96,159.35
3,3642,3513,3,10681,29,110142,7161,15.387259010896898,9,50.85,41.99,64.46
4,4550,3813,4,12193,34,124940,8371,14.932472809848214,9,89.21,58.32,95.86
8,179,150,11,518,17,5119,348,15.189910979228486,7,72.64,73.25,60.28
6,97,99,6,320,14,3207,208,15.876237623762377,6,52.37,61.35,60.16
8,48,33,12,155,17,1366,101,15.348314606741573,3,40.03,26.83,16.93
3,196,197,8,613,17,6176,404,15.595959595959595,7,72.91,65.55,48.09
5,2788,3018,8,8851,27,91618,5819,15.766305283083806,9,115.2,94.71,89.98
9,127,114,11,396,17,3885,261,15.54,5,56.11,49.22,48.49
7,495,569,11,1670,22,17155,1082,16.017740429505135,8,92.7,127.6,74.15
6,1271,1094,10,3492,25,35663,2381,15.041332770982708,9,85.99,79.55,83.08
2,2892,2940,1,8779,33,90760,5835,15.557079190949606,11,73.32,83.98,116.66
9,1080,978,11,3077,24,31470,2078,15.224963715529753,8,85.52,115.01,82.4
22,44,19,41,209,43,1386,126,16.305882352941175,1,57.03,57.39,15.88
11,79,66,13,260,17,2449,169,15.698717948717949,4,52.54,56.69,22.64
2,1738,1634,10,5031,40,51642,3384,15.305868405453468,11,234.96,174.26,117.12
10,383,358,12,1144,19,11583,763,15.423435419440745,8,107.05,93.55,89.12
5,216,184,4,603,19,6122,409,15.11604938271605,7,71.25,76.28,56.54
3,315,338,7,1012,19,10349,663,15.775914634146341,7,75.2,59.95,53.55
8,244,252,7,779,17,7948,511,15.76984126984127,6,63.16,46.89,69.3
4,5905,6169,6,18264,30,188967,12084,15.64555389965226,9,70.87,86.55,93.8
6,666,691,20,2101,30,21352,1383,15.665443873807776,7,107.34,82.11,63.17
11,93,79,16,306,21,2861,199,15.633879781420765,3,49.5,64.15,23.13
1,23,23,0,72,15,739,47,15.72340425531915,4,6.78,5.6,27.56
10,3099,3063,20,9286,35,95537,6192,15.479099157485418,9,107.81,148.6,125.82
2,50,58,10,191,15,1778,120,16.163636363636364,4,37.81,39.89,26.02
4,26382,26663,4,79725,35,824128,53053,15.535222153103735,13,88.98,153.96,175.41
2,1511,1057,2,3634,31,36905,2572,14.359922178988327,9,76.3,82.35,93.24
9,131,126,8,418,17,4185,274,15.733082706766917,6,108.48,64.39,51.45
3,40,37,5,131,16,1252,85,15.65,5,38.83,25.43,37.8
4,678,726,8,2155,21,22178,1416,15.751420454545455,10,117.23,128.3,110.27
4,765,759,7,2306,20,23687,1535,15.50196335078534,8,55.5,67.65,80.76
15,3235,3401,20,10108,37,104327,6671,15.685911892948429,9,116.19,178.69,129.39
4,440,440,7,1343,18,13744,891,15.547511312217194,7,58.71,60.65,74.76
9,113,90,16,344,19,3231,228,15.24056603773585,6,123.49,69.52,45.87
3,135,105,8,368,15,3603,251,14.82716049382716,5,70.21,37.09,40.76
12,21,8,21,104,23,677,62,16.51219512195122,1,28.89,28.93,15.88
10,2704,2417,21,7601,34,77770,5152,15.156889495225103,11,99.44,130.87,114.92
1,6090,5286,0,16665,34,171128,11377,15.041575107673376,13,123.08,159.8,143.78
2,355,376,12,1136,19,11519,745,15.71487039563438,7,144.01,106.84,61.41
3,2964,3365,7,9715,27,100784,6339,15.916614024005053,8,83.19,82.11,73.66
5,30197,36173,9,102572,42,1067709,66384,16.08601129943503,10,69.95,151.87,148.58
6,120,112,17,391,20,3700,255,15.546218487394958,5,70.85,54.82,40.54
6,16536,17001,7,50565,36,523002,33550,15.591986405509346,15,104.52,177.76,152.07
2,19864,20770,13,61435,41,635768,40649,15.645437543065261,13,77.17,101.94,129.83
0,1153,1238,1,3632,88,37613,2392,15.731074864073609,10,97.66,84.21,77.59
1,1152,1296,0,3747,27,38906,2449,15.886484279297672,4,23.29,11.2,35.09
1,5670,5124,8,15937,38,163784,10803,15.172209356183417,12,234.98,230.95,159.22
10,167,160,10,528,14,5283,347,15.676557863501484,6,85.47,75.12,59.7
4,858,816,6,2511,21,25778,1684,15.36233611442193,10,90.36,80.48,108.39
2,20439,20879,2,62206,40,643341,41322,15.569724104549854,14,90.75,121.77,151.85
5,72,75,12,257,16,2428,164,15.973684210526315,4,80.75,49.46,31.29
0,622,716,1,2057,38,21350,1339,15.956651718983558,9,70.09,54.82,69.11
5,55,53,10,192,15,1791,123,15.849557522123893,3,39.54,35.93,26.72
7,3825,3466,18,10808,37,110859,7316,15.190326116744313,9,98.23,170.99,106.51
10,52,36,15,175,19,1520,113,15.510204081632653,3,44.6,29.86,29.32
16,67,55,31,272,33,2229,169,16.152173913043477,3,102.36,57.39,27.32
5,93,83,7,284,13,2793,188,15.430939226519337,6,42.14,38.72,45.03
5,128550,109728,13,348043,49,3571096,238296,14.986784621647368,11,72.35,109.41,145.75
0,2331,2306,7,6958,25,71711,4644,15.464955790381712,11,175.7,144.4,141.52
5,6071,6184,11,18472,30,190817,12271,15.564192495921697,9,63.14,86.31,81.22
6,2056,2459,5,6997,28,72758,4526,16.093342180933423,7,50.41,66.48,60.72
3,406,324,2,1065,23,10860,735,14.815825375170531,8,67.81,64.15,83.19
22,85,55,34,308,36,2547,196,15.722222222222221,3,84.92,73.95,24.91
8,67,61,10,226,14,2153,146,15.830882352941176,4,53.66,37.32,44.02
4,381,431,11,1274,22,13015,827,15.949754901960784,6,53.46,64.62,64.26
3,22,15,3,65,10,606,43,15.15,4,23.65,18.2,24.39
2,1045,1147,11,3366,40,34691,2205,15.811759343664539,10,246.48,206.45,133.37
0,1707,1800,15,5338,30,54963,3522,15.672369546621043,10,499.45,341.29,119.86
0,42295,35287,1,112872,89,1156969,77583,14.912853496945168,15,117.56,230.25,172.65
3,160,147,10,481,18,4752,320,15.329032258064515,4,43.6,45.26,42.8
9,257,280,13,862,21,8707,559,15.946886446886447,6,67.18,77.45,51.21
4,1198,946,3,3105,25,31698,2151,14.756983240223464,10,88.11,123.41,134.03
10,229,237,18,760,25,7535,494,15.829831932773109,4,58.59,79.32,53.95
3,26,24,6,93,10,840,59,15.849056603773585,3,32.55,15.16,28.91
11,565,442,13,1498,23,15095,1031,14.828094302554028,9,111.54,111.04,73.56
1,1712,1734,11,5205,26,53582,3458,15.544531476646359,10,104.26,104.98,101.64
7,80,78,15,281,18,2618,180,15.866666666666667,4,42.14,55.29,32.23
5,40,32,20,155,21,1194,97,15.506493506493506,3,50.55,33.59,29.23
7,743,574,11,1928,21,19497,1335,14.725830815709969,9,104.97,125.74,89.77
4,4957,4603,9,14190,30,145983,9573,15.263801756587203,11,122.5,94.01,125.71
7,1931,2036,10,6038,28,62353,3984,15.690236537493709,5,12.99,12.13,29.34
10,168,174,11,559,18,5600,363,15.909090909090908,7,77.76,77.92,66.21
8,703,748,10,2236,20,22991,1469,15.758053461274846,8,85.42,122.01,108.02
7,390,331,22,1111,30,10974,750,15.074175824175825,5,86.09,119.21,60.61
4,255,208,7,694,16,6975,474,14.93576017130621,6,65.6,69.28,49.25
9,310,276,12,905,22,9096,607,15.287394957983194,5,87.37,79.32,65.52
2,1550,1560,1,4677,25,48322,3113,15.527634961439588,10,76.44,102.88,128.79
3,436,437,9,1335,20,13616,885,15.54337899543379,7,89.08,86.78,72.7
12,52,38,24,201,26,1616,126,15.843137254901961,3,65.64,45.49,41.01
3,1245,1164,4,3588,27,36891,2416,15.294776119402986,9,112.99,148.37,116.68
8,918,888,14,2739,25,28006,1828,15.438809261300992,6,77.27,96.34,87.35
6,1296,1286,16,3913,31,40112,2604,15.499227202472952,8,80.77,116.64,84.04
7,19,7,14,76,16,507,47,15.363636363636363,1,19.86,18.9,15.88
6,36,29,8,123,13,1118,79,15.746478873239436,4,38.56,25.43,38.19
0,1116,978,4,3081,43,31560,2098,15.071633237822349,10,236.86,202.49,112.51
9,2510,2883,11,8317,25,86250,5413,15.966308774527953,7,76.32,82.11,82.83
2,5246,4836,9,14941,34,153658,10093,15.23780245934153,8,67.07,52.02,72.11
1,394,424,5,1255,32,12900,824,15.750915750915752,8,230.29,161.43,72.86
1,27911,30432,10,88798,46,920729,58354,15.78104003839298,12,92.29,119.91,99.34
14,87,74,17,298,23,2775,192,15.857142857142858,4,45.38,47.59,32.09
4,1664,1663,8,5015,24,51666,3339,15.510657460222156,10,99.6,116.17,106.63
5,259,214,8,714,19,7169,486,14.997907949790795,8,69.52,76.75,76.96
3,450,402,10,1281,22,12972,865,15.171929824561403,6,58.55,71.62,69.37
4,433,417,8,1292,20,13175,862,15.427400468384075,7,47.58,64.39,61.94
3,4069,4138,4,12360,24,127735,8214,15.558465286236297,9,54.55,57.39,85.36
1,13679,13784,13,41276,39,426385,27477,15.525233032333237,11,60.56,77.22,156.87
6,713,671,10,2088,23,21335,1400,15.348920863309353,7,73.74,66.02,86.0
0,94,106,3,313,15,3178,203,15.89,9,70.07,51.09,64.02
5,57,49,5,176,11,1721,116,15.504504504504505,4,41.96,28.93,44.48
6,200,197,7,621,18,6290,410,15.607940446650124,6,42.79,53.19,61.42
1,8482,9601,17,27721,36,287586,18101,15.90278699402787,11,169.02,223.25,122.11
6,222,185,8,621,16,6224,421,15.070217917675544,5,38.32,27.76,44.37
7,162,131,10,459,17,4522,310,15.073333333333334,6,57.49,55.05,47.96
8,5102,4734,18,14623,40,150274,9862,15.265542462413652,8,104.69,151.4,99.31
7,44,30,16,151,19,1238,97,15.283950617283951,3,48.48,34.29,16.69
3,17066,14999,2,47075,38,483650,32070,15.082013221903456,11,69.39,77.22,155.93
4,201,207,7,638,16,6467,419,15.696601941747574,5,66.16,55.29,48.5
4,273,254,3,796,18,8149,534,15.346516007532957,8,49.25,66.72,73.48
8,880,812,13,2547,26,25992,1713,15.289411764705882,8,70.64,48.99,91.51
1,148,142,3,441,20,4482,294,15.402061855670103,5,24.74,18.66,38.29
4,728,662,22,2105,30,21220,1416,15.222381635581062,8,316.36,216.72,72.54
3,3880,3705,24,11345,40,116508,7612,15.354243542435425,10,219.29,229.78,146.87
9,45,31,11,148,13,1321,96,15.541176470588235,3,31.31,27.76,25.25
5,57,43,10,174,15,1589,115,15.133333333333333,4,35.72,31.96,34.52
1,22617,26649,20,75958,44,789857,49287,16.032171636186494,11,190.19,156.76,157.89
4,22,21,9,91,11,764,56,16.25531914893617,4,34.48,30.33,25.53
5,3808,3508,4,10843,27,111578,7325,15.240814096434914,11,172.26,218.82,176.51
5,5372,6253,5,17899,37,186044,11635,15.996904557179707,10,64.14,75.82,91.57
2,1723,1618,2,4968,27,51155,3345,15.302123840861501,10,74.72,52.25,83.68
6,604,450,14,1545,23,15492,1074,14.615094339622642,7,70.87,77.45,80.86
5,1187,1223,8,3660,28,37719,2423,15.61863354037267,8,50.95,60.19,70.94
8,586,500,11,1625,23,16482,1105,15.06581352833638,10,121.51,113.61,102.93
0,1728,1554,0,4837,51,49740,3282,15.155393053016454,5,31.7,17.03,45.95
5,1389,1679,10,4778,34,49569,3083,16.130491376505045,8,45.65,42.69,63.52
3,1890,1586,2,5073,27,51980,3481,14.94107502155792,9,55.46,92.85,74.49
4,974,1059,7,3115,26,32168,2044,15.791850760922927,10,111.63,95.88,96.64
0,937,976,3,2896,144,29905,1916,15.632514375326712,7,135.43,102.88,64.79
7,523,745,12,2052,24,21279,1287,16.68941176470588,7,65.06,76.05,67.41
8,66,91,17,299,22,2804,182,16.993939393939392,3,46.7,52.25,39.41
3,9576,9484,19,28589,39,294910,19082,15.470282746682054,12,252.43,281.34,192.72
6,1043,949,19,2992,32,30421,2017,15.225725725725725,7,103.5,104.98,100.88
1,4653,4739,11,14156,41,146161,9404,15.560630256574045,11,205.05,212.28,122.09
1,4627,6006,5,16652,41,173801,10639,16.34389693436148,10,72.02,52.02,94.31
6,1204,935,6,3099,23,31562,2151,14.714219114219114,8,50.53,67.18,82.23
7,1079,961,7,3030,27,31035,2054,15.161211529066927,9,118.52,142.07,94.68
0,2521,2452,3,7432,34,76633,4976,15.409812990146794,6,35.0,14.93,47.01
6,1505,1532,12,4606,31,47405,3055,15.578376602037464,8,62.65,65.55,77.42
9,1485,1451,15,4436,28,45521,2960,15.45704584040747,10,120.62,146.03,108.29
3,245,296,2,848,17,8795,546,16.167279411764707,4,15.91,13.3,19.82
5,76,71,10,249,16,2376,162,15.631578947368421,4,45.2,38.26,36.09
3,577,557,5,1708,19,17525,1142,15.413368513632365,7,67.47,75.58,87.77
4,14,12,7,61,9,494,37,16.466666666666665,3,21.08,17.96,27.56
5,10676,9699,10,30105,33,309592,20390,15.190971540726203,10,94.92,148.13,129.13
0,213,201,3,622,29,6339,417,15.31159420289855,5,35.01,30.09,42.26
5,1597,1590,9,4806,28,49483,3201,15.50219298245614,9,69.26,88.18,78.73
2,3330,5150,1,13637,30,143322,8483,16.897194058005187,12,89.16,116.64,131.76
7,1093,1046,10,3220,25,33031,2156,15.391891891891891,9,67.54,78.62,86.23
7,62,51,14,207,18,1862,134,15.516666666666667,4,35.33,36.16,39.63
1,4687,4359,2,13412,44,138107,9049,15.265502376478391,12,124.56,151.63,153.07
3,4861,4314,10,13516,29,138735,9188,15.116038352582262,6,45.31,51.32,56.98
8,9741,10533,8,30840,31,319603,20290,15.75796272556947,10,55.16,69.98,94.74
3,47183,47705,5,142610,58,1474235,94896,15.536088775542465,10,98.64,94.01,142.29
7,142,127,15,441,20,4254,291,15.41304347826087,5,63.15,55.29,44.75
10,1364,1447,15,4309,26,44370,2836,15.728465083303792,9,122.24,94.01,104.64
0,4054,4051,0,12157,70,125608,8105,15.497594077729797,14,157.19,201.09,187.0
4,24,18,5,79,10,716,51,15.565217391304348,3,29.4,18.43,29.64
3,940,787,9,2539,23,25852,1739,14.94335260115607,8,75.97,74.65,61.82
0,928,934,13,2823,24,28900,1875,15.52094522019334,8,161.95,113.84,107.26
8,217,215,18,700,25,6891,458,15.661363636363637,4,45.33,68.12,53.02
2,908,862,14,2665,24,27188,1786,15.343115124153499,8,307.46,181.96,113.13
4,887,966,5,2838,25,29339,1862,15.799138395261174,10,112.74,135.54,109.78
3,8071,8340,13,24784,49,256197,16427,15.608444011209942,13,220.86,255.44,196.01
11,1274,1185,20,3707,31,37822,2490,15.312550607287449,7,92.85,138.57,99.82
6,1806,1608,13,5061,30,51786,3433,15.142105263157895,9,79.96,53.42,94.96
3,371,358,8,1110,22,11293,740,15.4275956284153,7,92.18,68.12,67.79
1,655,741,9,2158,41,22223,1406,15.907659269863995,8,349.3,244.71,83.27
0,1823,2068,16,5992,31,61903,3907,15.909277820611669,10,470.64,347.12,133.12
5,192,203,9,627,18,6324,409,15.81,6,51.96,73.02,52.63
9,56,57,9,207,13,1992,131,16.327868852459016,6,52.76,47.59,48.8
4,1806,2033,4,5889,25,61084,3847,15.89487379651314,7,26.62,36.86,48.08
9,736,761,14,2305,27,23600,1520,15.670650730411687,7,80.15,95.41,98.16
8,3794,3064,8,9955,28,101762,6874,14.821147684241188,11,117.06,161.43,113.59
7,5300,5776,6,16879,30,174954,11089,15.785798069114861,12,140.66,232.11,144.62
1,486,553,4,1603,63,16566,1044,15.928846153846154,9,260.8,183.59,94.76
2,3853,3990,9,11856,32,122509,7854,15.61618865519439,11,143.15,147.67,181.78
0,1413,1416,11,4268,27,43869,2840,15.506892895015907,9,251.28,173.56,132.8
3,137,129,5,412,15,4149,274,15.423791821561338,5,52.06,30.79,44.44
8,74,70,12,255,16,2414,164,15.881578947368421,6,50.13,43.39,41.37
4,2270,1879,9,6055,30,61872,4162,14.89814591861305,8,60.8,45.49,61.9
12,274,286,18,907,26,9070,590,15.856643356643357,5,58.76,61.12,67.44
6,664,636,6,1961,21,20124,1312,15.408882082695254,8,74.06,77.92,73.1
8,518,542,8,1635,19,16794,1076,15.724719101123595,7,150.09,144.17,85.55
8,208,217,7,673,18,6854,440,15.829099307159353,8,85.94,101.94,59.35
0,5859,5485,8,16846,32,173401,11352,15.285701692524682,13,230.29,208.55,161.25
13,64,50,25,241,26,2014,152,15.858267716535433,5,57.23,55.29,53.76
1,1211,1071,1,3358,32,34487,2284,15.106000876040298,6,37.26,21.46,36.25
5,1068,1440,7,3973,23,41422,2520,16.48308794269797,6,29.31,30.33,86.36
1,1002,782,0,2569,26,26248,1785,14.704761904761904,9,62.49,65.32,89.8
0,355,398,5,1162,38,11951,758,15.871181938911022,8,192.51,132.5,81.57
9,3053,3014,13,9126,26,94019,6089,15.473831468071099,10,99.96,91.45,109.56
0,9304,9376,2,28061,70,290008,18682,15.525053533190578,14,153.01,208.55,160.08
0,7402,8161,3,23731,43,246160,15566,15.817001863393948,12,88.82,62.75,115.34
4,11173,10011,9,31222,45,320903,21197,15.145506890692845,11,120.88,145.1,137.71
0,201,185,0,572,21,5879,386,15.23056994818653,7,49.41,33.59,55.75
6,59,62,8,212,14,2051,135,16.1496062992126,3,29.36,24.49,35.01
3,548,514,7,1597,21,16318,1072,15.322065727699531,7,65.27,45.26,65.75
1,235,201,7,654,16,6563,444,15.018306636155607,6,43.0,44.32,65.27
2,1466,1342,1,4157,31,42770,2811,15.220640569395018,11,68.44,114.07,108.3
6,266,248,12,799,21,8006,532,15.396153846153846,6,55.35,48.06,59.77
1,59,69,8,216,14,2075,137,16.085271317829456,4,54.9,36.62,29.71
0,126,172,5,481,25,4918,303,16.503355704697988,6,58.44,25.66,48.74
2,16546,17416,10,51403,51,532118,33974,15.667118125073607,14,229.58,284.14,195.28
10,120,91,16,355,18,3342,237,15.122171945701357,5,62.18,57.85,44.82
6,1089,1064,17,3264,26,33365,2176,15.453913849004168,9,254.21,181.49,97.27
0,11333,11351,4,34044,39,351719,22688,15.505157820490213,14,164.03,179.63,186.33
8,485,512,13,1552,22,15837,1018,15.75820895522388,8,94.12,118.51,82.3
8,1134,1062,13,3301,27,33778,2217,15.325771324863885,8,95.92,107.08,102.7
3,1148,989,12,3157,23,32168,2152,15.03177570093458,8,117.23,141.13,94.2
0,17370,18716,11,54825,40,568082,36097,15.742448595023001,14,252.94,318.66,194.02
2,4324,4027,7,12397,33,127562,8360,15.27139949718664,11,108.32,114.77,114.04
5,899,1037,4,2992,22,31035,1945,15.98918083462133,10,103.61,124.1,95.66
1,12378,15014,1,42411,35,441736,27394,16.125871573029606,14,96.69,147.2,174.43
8,50,44,15,185,17,1626,117,15.941176470588236,5,46.45,46.42,51.02
7,448,471,20,1445,26,14576,946,15.740820734341252,7,230.47,151.17,79.27
5,21,14,12,84,14,627,52,15.675,3,28.03,21.0,15.88
5,295,250,8,822,19,8285,558,15.063636363636364,7,91.51,110.57,62.74
4,435,384,18,1248,22,12467,841,15.14823815309842,7,110.7,108.48,76.38
5,568,534,7,1661,21,16990,1114,15.347786811201445,8,81.12,75.58,77.37
4,1148,1284,5,3735,24,38684,2441,15.880131362889983,9,98.33,101.94,84.67
3,243,212,9,692,18,6929,467,15.12882096069869,6,68.6,69.05,46.76
4,5570,5338,8,16271,35,167670,10920,15.365652492668621,6,27.11,29.63,50.37
7,370,309,16,1035,25,10310,702,15.029154518950437,6,73.47,92.61,80.09
7,91,76,13,284,16,2673,187,15.362068965517242,4,72.3,51.09,47.33
0,3561,3646,11,10876,34,112261,7218,15.576661579020397,11,178.68,168.43,153.72
1,2543,2607,5,7770,28,80267,5156,15.58279945641623,10,79.78,84.21,128.81
5,1129,1107,6,3366,23,34645,2247,15.459616242748773,9,76.36,97.98,135.6
1,5458,5419,2,16303,48,168366,10880,15.477661334804193,11,73.78,124.8,115.64
2,1319,1369,2,4066,28,42041,2692,15.628624535315986,11,94.7,74.18,99.3
10,42,36,13,161,17,1430,101,16.25,4,52.95,31.96,40.11
9,1225,1629,8,4518,25,47097,2871,16.45022703457911,10,85.87,98.91,119.27
8,194,200,19,649,27,6354,421,15.805970149253731,5,87.85,68.12,57.17
1,2092,2173,11,6463,27,66660,4277,15.625879043600563,10,134.59,132.97,114.63
2,1191,1250,12,3720,24,38271,2455,15.665575112566517,9,143.86,152.57,116.13
0,6242,6746,2,19739,92,204590,12990,15.752232830304896,13,109.02,150.23,116.4
5,284,277,7,863,18,8780,573,15.512367491166078,9,102.69,93.55,99.76
5,1305,1136,9,3606,23,36867,2455,15.072363041700736,10,86.77,100.08,88.57
5,677,727,9,2160,27,22217,1418,15.76792051100071,8,106.7,121.07,95.17
9,218,219,12,699,22,7014,458,15.72645739910314,6,83.06,79.78,53.73
0,560,559,4,1687,22,17338,1123,15.494191242180518,8,67.1,71.62,78.82
3,4300,3456,10,11239,29,114810,7769,14.797009923959273,8,74.17,78.15,90.17
8,50,43,15,183,19,1604,116,15.881188118811881,2,40.99,32.66,13.66
9,28,16,22,123,24,838,75,15.81132075471698,2,35.99,30.09,13.03
3,8930,9363,3,27669,32,286434,18299,15.655553126366419,14,96.84,143.93,186.76
6,35,34,10,136,13,1219,85,16.253333333333334,3,48.94,30.79,35.1
6,1654,1694,10,5075,28,52310,3364,15.596302921884318,9,94.19,129.24,110.14
7,390,378,10,1181,19,12008,785,15.494193548387097,7,61.06,76.28,77.28
4,1577,1197,3,3986,25,40631,2781,14.625989920806335,11,86.46,81.41,140.94
7,77,61,9,232,14,2217,154,15.289655172413793,4,51.12,35.69,40.47
14,23,10,16,104,18,791,63,16.829787234042552,2,29.1,23.09,15.88
6,394,347,6,1113,19,11336,753,15.175368139223561,7,75.42,61.59,83.77
3,248,255,3,771,18,7920,509,15.652173913043478,6,63.28,58.79,67.79
1,42170,44614,0,131401,44,1361064,86785,15.683171054905802,13,90.59,160.96,160.72
3,485,390,3,1278,20,13023,881,14.83257403189066,9,87.82,95.88,93.28
5,686,599,5,1905,19,19482,1295,15.102325581395348,8,65.73,91.21,82.1
6,449,398,10,1278,22,12953,863,15.185228604923799,6,60.98,56.22,88.3
0,29,32,1,96,21,965,62,15.819672131147541,3,7.08,4.43,15.7
10,125,118,17,416,22,3981,270,15.735177865612648,4,67.18,57.85,47.24
8,13946,11324,10,36631,33,374850,25288,14.829100403512935,14,123.78,165.63,199.02
1,44,39,5,135,15,1280,89,15.238095238095237,7,51.7,30.79,48.65
0,383,430,1,1246,23,12907,814,15.875768757687577,7,62.23,80.02,60.54
1,492,523,3,1547,50,15960,1019,15.708661417322835,8,79.25,57.15,65.99
4,837,790,4,2434,24,25017,1635,15.338442673206622,5,36.79,23.33,41.63
4,236,218,8,697,18,7024,466,15.336244541484715,7,74.6,61.12,62.54
8,533,505,10,1580,20,16115,1056,15.406309751434035,7,80.57,90.05,66.06
2,15,16,1,54,8,539,34,16.333333333333332,4,18.9,17.5,24.13
2,14871,15105,2,45090,37,466201,29980,15.551437720995397,15,124.84,188.02,183.66
3,1869,2414,15,6734,35,70007,4301,16.3338777414839,10,166.79,196.19,125.79
9,642,691,14,2071,26,21214,1356,15.807749627421758,7,83.69,121.77,76.67
5,1661,1522,8,4732,28,48563,3196,15.23306148055207,8,74.72,66.95,103.61
8,272,318,15,955,24,9652,613,16.140468227424748,5,47.84,48.76,77.11
7,3449,3075,7,9628,27,98873,6538,15.13902924513857,10,80.77,103.11,149.58
1,774,823,2,2427,36,25098,1600,15.705882352941176,9,65.25,62.05,86.9
1,101530,97558,0,296649,51,3060072,199089,15.370372044663442,17,171.04,277.84,229.47
9,1049,1127,14,3350,28,34469,2199,15.775286041189931,8,64.31,88.88,64.72
2,2883,2971,7,8844,33,91361,5863,15.601263661202186,8,40.27,37.09,62.73
2,81265,66021,2,213316,48,2183899,147290,14.827406170224322,17,139.87,198.05,254.39
7,1239,1025,21,3346,32,33883,2292,14.919859092910611,6,80.16,120.61,85.59
1,17824,14658,3,47149,47,482918,32486,14.866791860357726,8,34.22,17.5,55.57
0,39759,36183,2,112130,50,1153857,75944,15.193924310658133,9,56.21,59.25,79.31
4,220,186,9,619,17,6176,419,15.06341463414634,5,69.84,62.99,60.19
3,79,90,2,270,27,2769,174,16.098837209302324,3,13.27,6.3,34.09
6,75,70,7,242,13,2371,158,15.701986754966887,4,39.64,35.46,32.38
9,1697,1952,22,5664,37,58451,3680,15.978950246036085,7,104.22,162.83,121.3
14,7223,7863,20,23018,42,238357,15120,15.78523178807947,9,99.35,137.87,125.21
1,173,159,1,496,19,5081,334,15.258258258258259,7,71.01,55.75,62.77
1,1951,1942,3,5844,23,60309,3897,15.487673343605547,10,106.06,129.24,113.39
8,452,443,10,1375,21,14022,913,15.528239202657808,7,62.93,87.48,69.02
2,353,318,5,1004,17,10225,678,15.193164933135215,6,83.99,58.79,44.84
17,37,16,31,166,32,1127,101,16.1,2,48.8,40.59,24.09
8,286,295,18,929,26,9272,607,15.741935483870968,5,46.02,47.36,48.97
0,2843,2962,6,8780,40,90751,5811,15.63324720068906,11,141.3,122.94,162.08
9,75,76,17,280,21,2581,177,16.13125,3,56.44,50.86,35.01
11,16,6,14,79,16,562,47,17.03030303030303,1,20.9,26.13,6.54
6,4807,4389,5,13608,26,139977,9207,15.211584438165616,11,65.41,94.48,115.85
14,144,125,20,463,27,4410,303,15.583038869257951,3,68.17,70.68,34.36
5,387,457,5,1322,21,13667,854,16.09776207302709,8,69.14,89.81,75.73
4,3685,4041,17,11810,32,122171,7747,15.804786545924967,11,181.57,204.82,162.98
8,920,751,8,2455,25,25010,1687,14.895771292435974,7,26.43,32.66,58.85
2,43034,38634,1,120309,38,1237306,81671,15.150067344190033,12,64.39,89.81,130.1
1,1038,992,3,3031,25,31192,2034,15.357951747907435,9,100.91,96.11,83.34
4,7958,7776,16,23551,32,242798,15754,15.427500317702377,10,101.21,111.74,129.69
1,26134,23050,0,72237,36,742332,49185,15.092650198231167,16,130.03,191.99,211.24
7,3032,2935,12,8941,37,92040,5986,15.406762638098426,10,134.77,171.69,110.68
3,2902,3256,2,9425,29,97828,6163,15.878591137802305,11,88.53,142.07,201.01
7,507,558,7,1652,21,17021,1079,15.877798507462687,9,116.87,129.94,83.8
5,435,419,7,1298,20,13263,866,15.440046565774155,8,64.96,76.28,83.36
0,2798,2827,1,8455,29,87376,5626,15.53351111111111,8,44.77,32.89,62.09
2,36490,37091,15,110707,43,1144464,73598,15.553375100226955,13,156.12,151.4,159.11
4,153,141,8,460,15,4583,306,15.379194630872483,8,88.47,71.15,67.54
0,2748,3047,9,8861,34,91766,5804,15.83537532355479,11,278.77,249.84,170.8
6,1795,1608,16,5056,28,51687,3425,15.161924317981812,9,103.59,122.24,112.9
11,6785,7258,22,21368,41,221027,14076,15.726981642237085,9,140.0,177.76,189.26
0,373,287,5,958,19,9671,665,14.653030303030302,6,45.49,42.22,42.96
4,490,564,8,1643,21,16922,1066,15.994328922495274,7,32.78,31.26,65.17
10,188,179,18,603,24,5890,395,15.623342175066313,5,66.34,77.22,38.49
5,1796,1814,9,5453,27,56202,3624,15.546887966804979,9,81.62,101.94,97.68
6,233,261,9,786,17,7995,509,15.99,7,68.72,65.55,65.78
6,1115,1011,5,3160,23,32433,2137,15.212476547842401,8,83.93,84.91,109.95
4,54,46,10,175,15,1602,114,15.403846153846153,4,66.58,44.79,26.09
3,74,74,9,247,14,2372,160,15.708609271523178,4,56.05,49.22,30.47
4,196,199,7,617,17,6246,406,15.654135338345865,7,41.16,42.69,55.42
1,358,341,4,1051,18,10750,704,15.357142857142858,4,29.81,11.2,36.04
7,1663,1485,7,4662,22,47819,3162,15.156576862123613,9,77.48,100.31,93.68
5,2306,2305,6,6939,24,71594,4622,15.50996533795494,8,56.71,76.05,95.01
4,78,55,7,211,13,2016,144,14.715328467153284,4,41.61,33.13,32.77
4,561,555,3,1686,26,17363,1123,15.502678571428572,8,59.71,59.49,55.76
6,498,407,8,1341,20,13592,919,14.9198682766191,7,55.37,67.65,79.8
14,28,15,23,133,25,946,80,16.596491228070175,2,37.54,37.32,17.33
3,22,19,7,81,10,694,51,15.772727272727273,3,26.09,13.76,35.01
7,695,629,15,1998,25,20275,1346,15.23290758827949,6,60.05,74.88,73.79
16,279,278,23,914,25,9043,596,15.781849912739965,5,117.31,91.91,52.57
10,885,800,17,2540,30,25825,1712,15.23598820058997,7,87.1,98.44,69.85
13,129,122,18,436,24,4183,282,15.844696969696969,5,62.14,68.58,46.19
0,44,49,10,163,14,1474,103,15.849462365591398,4,41.52,30.79,36.19
6,792,1068,11,2963,26,30780,1877,16.4951768488746,9,91.09,91.21,101.57
11,601,575,15,1804,21,18345,1202,15.454928390901433,10,139.23,117.57,108.53
2,1465,1249,7,3982,25,40715,2723,14.990795287187039,9,179.87,138.8,135.56
8,28247,27224,9,82730,43,853359,55488,15.381657924620127,11,101.27,159.1,139.09
7,1752,1815,13,5423,28,55880,3587,15.635142697257974,9,71.15,89.58,88.07
